userID,username,fullname,date_of_birth,password,gender,phone,email,address,bought_vip
0,jasonrusso,Rhonda Potter,1964-12-22,1szFNCzZTz,1,493-247-4226x0397,cwalker@example.org,"802 Johnson Meadow, South Brettfort, MT 58921",True
1,lauren09,Randall Hill,1961-10-12,E69foamqAM,0,+1-700-450-7816x498,deanjennifer@example.com,"0964 Andrew Valley, Port Brittanymouth, PW 57832",True
2,markmontgomery,Gregory Clark,1948-02-02,icS3XPDAwg,0,889-562-5011x3880,tgreen@example.com,"53557 Kimberly Rapid, East Briana, ND 98794",False
3,smithlindsay,Sarah Holt,1968-09-27,4HQ7hFTO5I,1,+1-312-449-1266,gentryamanda@example.com,"0894 Jessica Drive Apt. 923, Port Evan, MA 61873",True
4,catherinewhite,Mr. James Rogers,2001-07-28,E5f9iOBf9v,1,+1-205-627-0695x687,kimberly58@example.net,"PSC 8005, Box 7200, APO AA 30646",False
5,jenniferallen,Katrina Roberts,1992-09-22,bb91sxVLdj,1,(761)726-9076x379,wknight@example.com,"702 Nicholas Burg Apt. 709, New Edwinfort, MO 66930",True
6,meyertimothy,Nicole Graves,1998-02-13,Zz2kDig1VP,0,789.576.2746x2330,arobbins@example.com,"40375 Carl Tunnel, Port Tiffanyport, ME 49513",True
7,rebeccawalker,Jessica Stone,1934-04-26,RQxoQKQa0a,1,956-407-2273x66992,davidsimpson@example.org,"734 Steven Spurs Apt. 918, Kimberlymouth, VT 63376",True
8,richardsonchristopher,David Dudley,1947-06-09,BP00heIA32,1,001-370-632-7413x7906,jeffreylopez@example.net,"51575 Bush Motorway Suite 612, Wardton, KS 51860",False
9,williamwells,Daniel Torres,1966-06-01,y1VxlZ6jHn,0,001-721-958-0043x9836,josewright@example.com,"34259 Tracy Lake, Lake Erinberg, DC 61061",False
10,brendanelson,Frederick Ramirez,2000-12-31,pI38gMD7t0,1,+1-973-990-1570x40299,watsoncolleen@example.com,"973 Torres Ville, South Jeffrey, CA 17505",False
11,kathleen11,Paige Johnson,1945-05-04,d6OYHd5YV5,0,001-827-683-7118x1254,mullenkelsey@example.org,"46761 Angela Crossroad, Rubioport, MS 40962",False
12,robertjones,Sheryl Lewis DDS,1994-12-12,sHKWrbQSs6,1,(819)974-3012x989,nicole35@example.com,"50995 Raymond Neck, Pamelaberg, MT 69105",False
13,kellywilliam,Scott Obrien,1940-10-21,edxCCA4oFE,1,8225883228,barbaraclark@example.com,"PSC 1208, Box 5512, APO AE 53229",False
14,sarawhite,Darin Sheppard,1954-11-17,Nvx6B7CFOl,0,001-616-981-3974x0493,matthew18@example.com,"9210 Julie Inlet Apt. 333, West Christopher, PA 66844",False
15,joegraham,David Jenkins,1985-01-04,SxaavjIqf6,1,(301)418-1966x76556,elizabethbrown@example.org,"23930 Moore Rest, Garciaberg, DC 29957",True
16,tiffanysanchez,David Mercado,1946-09-10,ch6Jre8FlP,0,001-979-972-9512x0778,zdavis@example.net,"142 Johnson Stream Suite 583, New Samantha, IL 69423",True
17,ralph85,Natasha Montes,1935-08-22,7DOmiGshtk,0,001-738-542-2458x25446,hellis@example.com,"99988 Callahan Flats, Armstrongville, NC 08362",True
18,stephaniegreen,Joanne Gentry,1954-10-07,1g0XxufvoN,1,686-468-2856,adamfernandez@example.org,"9157 Aaron Point Suite 378, Mariaton, ID 59527",False
19,trevor32,Charles Anderson,1975-04-16,CAWysssIoj,0,446-589-8099,chelseabrooks@example.org,"953 Thompson Estate Apt. 340, West Alyssatown, NM 69222",False
20,armstrongdavid,Eric Santos,1996-11-14,jfs6zGl8Ns,1,001-812-262-0839x636,davidbecker@example.org,"68827 Emily Mount, Joneschester, OH 78179",False
21,omcconnell,Michael Cain,1967-05-28,LRkk4HSUXt,0,+1-219-616-5225,prattsummer@example.com,"6389 Johnson Stream Suite 300, Smithland, HI 88183",True
22,kimberly54,Tracy Wang,1970-04-01,SiK1gtIgAE,0,001-945-924-2300,andrewjohnson@example.net,"8181 Brandt Squares Suite 863, Reynoldsstad, MS 19829",True
23,kelly43,Kathleen Stephens,1942-09-11,nN2KKWP5eT,1,4186226546,gayrobert@example.net,"2590 Sonia Drives, Hopkinschester, PW 81955",False
24,frank10,Arthur Crawford,1956-12-29,ZxlVkAFRkB,0,001-260-624-7823x6086,xbrown@example.org,"308 Logan Knoll Apt. 013, New Amyland, OR 36555",True
25,gmason,Frank Patrick,1943-10-25,SEAT8zcYLb,0,985.309.9775x62827,johnsonmichael@example.net,"09837 Erin Ports Apt. 919, Fullerview, FL 76987",False
26,emorgan,John Walker,1940-10-05,cx5acqeOib,1,001-892-401-0717x809,lshelton@example.net,"10176 Henry Ways Suite 441, West Joeville, PA 30123",False
27,clarkjeanette,Paul Edwards,1985-11-25,gQTFUKa9h6,1,3324308731,steven28@example.org,"4237 Hobbs Springs Suite 095, West Kevinfort, CA 64450",False
28,mwilson,Michael Armstrong,1934-10-07,TlLT9HGiDS,0,567.468.3118x33744,ucherry@example.org,"135 Mendez Plains, Watsonberg, MO 37142",False
29,cesar28,Angela Robertson,1938-03-18,SDltIztv8U,1,(447)519-9881,lanejose@example.com,"338 Garcia Passage Suite 556, West Codymouth, HI 88392",True
30,alan63,Candace Wilson,1995-03-29,gjGzXX6pYf,1,+1-818-749-1985x66622,jillmoran@example.net,"15586 Karen Trace, Campbellfurt, IN 19928",False
31,michealsmith,Stacey Fischer,1979-01-09,szgHjdTTSI,0,835.742.6166x93616,carlsoncassandra@example.org,"81697 Haley Ridges Apt. 556, New Kylemouth, WV 99293",True
32,jameshenderson,Benjamin Rivera,1956-08-09,6yrNbRrrmD,0,+1-308-824-1913,mcarter@example.com,"01119 Jenkins Lane Apt. 421, Billyview, LA 78251",True
33,jtorres,Sydney Ball,1989-11-05,4R7kmWinMu,0,+1-432-720-5131x071,kristyrodriguez@example.org,"081 Price Valleys, Rosariobury, LA 75083",False
34,davidlove,Nichole Lawson,1956-12-05,BBBb2OLqUl,0,450-537-3557x3669,katherine72@example.net,"7704 Dunn Hills Apt. 801, Lake Brianton, VA 08635",True
35,ooconnell,Paul Mejia,1999-11-06,aegtRVcwbL,1,959-382-0131x1858,petersenrebecca@example.com,"64229 Andrew Ford Suite 151, North Josephmouth, IN 82063",False
36,njohnson,Samuel Mills,1951-04-22,HQvATVW2zK,1,+1-674-728-9973x9198,martinbenjamin@example.net,"6155 Zimmerman Station, Juliemouth, VA 18688",False
37,jacqueline79,Hannah Garcia,2001-11-25,lCboKevwwK,0,755.530.2631x13755,cindy58@example.com,"569 Rodgers Radial, Mollyport, MP 20154",True
38,carrollkaren,James Bennett,1990-03-23,7guYue2Jj0,0,303.939.7288x65471,laura55@example.com,"4524 Edwin Burgs Suite 232, South Taylor, NC 63654",False
39,taylorjacqueline,Nicole Taylor,1935-12-26,KK01x7tSPa,0,(408)558-8353,schroederaaron@example.org,"95495 Veronica Shore Apt. 805, Haasstad, MA 52380",False
40,kelly84,Dustin Ross,1939-09-04,KsQRxDmwC1,0,391-640-9952x357,cortezlisa@example.org,"Unit 4693 Box 5137, DPO AP 08001",False
41,vasquezpaul,Dana Barnes,1949-05-21,PF859ucIMR,0,8698067242,cynthia47@example.net,"052 Richard Meadows, East April, CT 13406",True
42,george89,James Lowery,1945-03-04,bV7z2XCTbY,1,001-726-611-6507x576,bwilliams@example.com,"0925 April Rapid, Mitchellville, DC 10165",False
43,gloverkimberly,Emily Sullivan,2005-11-05,vkaXV5A1fY,1,+1-808-821-8034x72528,romeroeddie@example.net,"51389 Thomas Skyway Suite 097, New Jonathanstad, PW 28093",False
44,sanchezkevin,Paul Meyer,1974-08-10,GWKyLGN6Cd,0,9917405241,andrew05@example.net,"45454 Derek Pass, Matthewview, IA 93918",False
45,kwilson,Martin Smith,1970-04-22,iuKbtNVvoH,0,4094926670,michelleshannon@example.net,"2991 Jones Summit, Smithstad, GA 78979",False
46,xwilliams,Rose Johnson,1936-06-02,yy2oEYsgZt,1,646.560.5292x46776,robertvelez@example.org,"86755 Elizabeth Freeway, Martinton, WA 83905",True
47,michaelle,Brenda Stephens,1967-08-22,sN18tOe54x,1,+1-211-543-5383x354,jameswheeler@example.org,"029 Natalie Heights Suite 901, Vegamouth, NE 82516",True
48,lmorris,Richard Miller,1996-06-19,efR3H6Izmo,1,+1-832-306-8280,mbrown@example.com,"PSC 8247, Box 6756, APO AA 17784",True
49,gomezcesar,Barbara Adams,1959-01-30,7z9YO2lAxM,1,001-270-981-5601x41095,michaeljohnson@example.org,"6466 Green Tunnel Apt. 120, Port Kellyland, ME 06676",False
50,matthewblake,Megan Williams,1998-01-06,Khja6dVHdb,0,634.778.7031x25678,mjames@example.net,"5908 Jeffrey Street Suite 639, Connerton, OR 17192",False
51,ponceedward,Steven Lawrence,1944-01-20,Iomq4Pbhnh,1,543.740.2997x4621,aestrada@example.net,"0651 Erica Locks Apt. 175, New Jeffrey, MI 36785",True
52,kimberly38,Christine Stanley,1988-12-25,0JCf0bVkfB,1,+1-950-736-0720x68289,mark94@example.org,"079 Robert Mountains Apt. 439, North Maria, ID 60054",False
53,hmartin,Oscar Morrison,1990-04-17,k1Kr2g109Q,1,672.334.8898,thomassullivan@example.com,"894 Knight Hill, Tanyabury, VT 44453",False
54,gonzalesdana,Zachary Ford,1955-10-18,rkurbZ37Om,0,001-497-816-3276,joshuahudson@example.com,"30613 James Streets Suite 554, Houstonshire, ME 95533",False
55,vasquezkenneth,David Roach,1986-08-12,pJMj482QMe,1,283.404.3091x3025,tyler01@example.net,"2138 Scott Cliffs, West Brian, WV 37383",False
56,collinseric,Jessica Wang,1945-02-08,v6OACcsN3z,1,(916)985-8705x935,feliciafrazier@example.com,"3561 Yu Mountains, New Maryland, IL 21560",True
57,johnsonthomas,John Green,1998-06-07,5w2MbhpPDK,0,(585)290-8047x57116,michaelamartin@example.org,"487 Jenkins Via Suite 575, Camposberg, MH 35646",True
58,brandon14,Marissa Joyce,1948-02-25,q4n36lOnfO,1,(716)924-3956x04503,matthewknight@example.com,"7081 Johnson Lock, East Rhonda, TN 04986",False
59,torresjames,Debbie Washington,1997-07-31,kZMhQ9qO9f,0,(856)241-2935x14238,lisa37@example.com,"509 Dana Parkways, East Russellhaven, VI 74130",False
60,david55,Christopher White,1995-10-15,N5v5CJzoeT,0,330.454.4463,ruizlori@example.org,"32474 Adam View, Deniseville, MP 46017",False
61,bhernandez,Amy Smith,1951-05-23,l5rfdoeptu,0,243.490.8565x286,craig51@example.com,"19759 Brandy Ramp Apt. 526, New Martin, PR 72334",True
62,svazquez,Matthew Neal,1935-06-07,J8x1Gui2oT,0,375-408-9363x704,kimberlyallen@example.com,"02639 Eric Rue, Seanborough, IN 81263",True
63,scurtis,Daniel Young,1967-03-17,DqAhSr8MGW,1,+1-340-200-1908x073,lawrencedavid@example.net,"629 Rachel Estate, East Walterfurt, TX 23845",False
64,smithjohnny,Barry Smith,1978-07-27,0eOhLWq91g,0,001-407-830-1869x172,davistammy@example.org,"PSC 9161, Box 0018, APO AA 86944",True
65,hunterbennett,Jessica Taylor,1999-05-22,7vURnpO5KE,1,001-913-286-2272x8137,miranda28@example.org,"82779 Higgins Plains Apt. 103, East Walterbury, AL 99470",True
66,andersondanielle,Laura Brown,1974-01-22,UJ5okg8KW2,1,001-659-908-0448x24742,jphelps@example.net,"64255 Michael Brook, West John, UT 95277",True
67,robertsonwhitney,Amanda Scott,1982-12-08,DOG0FqpuPY,1,(646)281-4569x31560,whitakermary@example.org,"Unit 2982 Box 1356, DPO AA 63660",False
68,davislisa,Samantha Gaines,1954-02-18,jaxC8xRqLX,1,001-795-314-8254,kathy57@example.com,"721 Deborah Squares Apt. 100, New John, CO 54851",False
69,uramirez,Colleen Oconnell,1995-03-10,2U8tfKf1Or,0,001-639-788-1615x354,ronaldbarber@example.org,"7796 Merritt Spur, West Jonathanshire, PW 05196",True
70,cgentry,Ryan Hampton,1982-07-02,Zju3vEIeNx,1,001-210-771-1942x871,rmanning@example.net,"USNV Murphy, FPO AP 25646",True
71,julia70,Melanie Haley,1975-11-10,0QoAfrsHwj,0,564-531-1581x364,mross@example.org,"9888 Baldwin Plains Suite 860, Frenchburgh, MH 25501",True
72,jduran,Dylan Jordan,1998-03-30,JaE29cu3Ug,0,(277)906-0903x24460,laurieshaw@example.net,"92794 Rhonda Points Suite 492, North Samantha, KY 12528",False
73,zporter,Angela Wall,1976-03-22,8N5PrvyskT,1,3717590450,tracy86@example.com,"85756 Jackson Manor Suite 476, North Elizabeth, ID 40624",True
74,melissa38,Mrs. Christine Mendoza MD,1997-02-25,Vujtg9P2vT,0,518-534-2700,jessica58@example.net,"10394 Paul Trail, Port Alexander, PW 05087",True
75,brandon10,Brenda Barnes,2001-10-13,okD8YV060w,1,7053045445,bwheeler@example.org,"USNV Adams, FPO AA 28555",False
76,normanchristopher,Ashley Mullins,1988-05-12,akruodUM1U,0,233.301.7059,philip03@example.com,"314 Gonzalez Throughway, Port Briantown, MH 79846",False
77,mccannstephanie,Kevin Riley,1988-04-10,i95ejah7rZ,0,001-269-981-1520,kimberlyreilly@example.net,"959 Davis Stravenue, Port Amberchester, RI 62885",True
78,diazjoe,Matthew Stone,1941-05-02,NsMgdTioig,0,652.367.6498x2532,mendeztim@example.net,"USS Foster, FPO AA 96465",True
79,kevinwilliams,Luis Morris,1941-06-22,jaK2GZbbkj,1,(577)408-1725x8185,lisa92@example.com,"251 James Curve, Port Angelamouth, AZ 24540",False
80,watsonallison,Gregory Garcia,1989-06-27,Q10fzxiaCD,0,258.624.8039,jamesmartinez@example.net,"7147 Samantha Burg, Port Aaron, OH 68157",True
81,huynhmary,Paige Rodriguez,1962-07-27,Jq7jMD1Uz2,0,887.687.5580x2650,monicasanchez@example.org,"499 Kathryn Inlet, Ellisview, FM 93825",False
82,barnettkevin,Vanessa Briggs,1987-10-19,dxKrwcJF1o,1,429.565.8528x3073,ghaynes@example.org,"003 Andrea Place Apt. 420, North Abigailbury, NH 43652",False
83,ashley25,Robin Joyce,1938-05-28,O61C9vYKI5,1,674-898-4647x542,dmartinez@example.com,"4751 Johnson Springs, Johnsonton, WI 85781",False
84,jasonlee,Lynn Green,1979-08-11,zUXx9oo4Rk,0,768-644-1708x125,rebecca62@example.net,"0318 Garrett Run, New Rebecca, ND 37092",False
85,masseyveronica,Mathew Johnston,1982-05-31,Rj5lebX3PT,1,(708)295-3197,snyderrebecca@example.org,"564 Michael Station Apt. 705, North Elizabeth, CT 54597",False
86,gwilliamson,Jill Gross,1951-05-15,IY4y2UMeGU,1,280.719.3726,michealwebb@example.net,"1849 Miller Way, Kennedyfort, WV 58269",False
87,jessicawilliams,Robert Lopez,1995-04-27,gny9UhgRkE,1,+1-416-807-1068x4212,christine17@example.com,"0339 Adam Road Suite 187, Gonzalezfurt, ND 65003",False
88,lsingh,Christina Lee,1999-04-03,nzll7nxABU,1,5062134655,sjones@example.net,"89417 Keith Isle, Brownside, MO 42739",True
89,jessica66,Cameron Jarvis,1933-06-03,0U42pK5hCy,1,725.705.0705x3186,tnorton@example.net,"1694 Morgan Circles Suite 154, Stephanieview, MA 15329",True
90,jenniferbrooks,Jessica Pierce,1939-05-09,mruKH0hEtq,0,001-406-633-8834x1247,rmurray@example.org,"Unit 5439 Box 5013, DPO AA 49022",True
91,carlsonanthony,Joshua Bennett,1982-10-24,OM2p4jgfMf,0,834-674-3233,crawfordbeth@example.com,"3400 Jon Drives, Barkerstad, MI 12192",True
92,megancraig,Kenneth Morgan,1992-01-13,K8bstDosWL,1,289.703.2676,carlaknight@example.com,"598 Christopher Spring, East Barry, MA 74000",True
93,kimberly48,Janice Sandoval,2003-02-23,XqdqlShG3o,0,798-437-8462x68031,uperez@example.com,"341 Mitchell Street Suite 319, Sarahbury, DE 84942",True
94,victoria00,Amanda Nunez,1972-11-14,6HekwNh0ww,1,(617)613-6536,jason68@example.net,"01609 Hannah Square Apt. 316, Lake Yvonneton, NJ 40755",False
95,michael08,Kathleen Wright,1963-01-06,LLqi7o7wwU,0,(330)858-8948x7659,hannahlawson@example.org,"420 Elizabeth Pine, Port Scott, CO 19590",True
96,robert10,Scott Glover,2002-01-06,rI9xs37VPh,0,(541)481-3290x316,wglenn@example.com,"17124 Christopher Brooks Apt. 533, Lake Cristinachester, FM 32412",True
97,rodriguezandrea,Craig Montgomery,1959-02-19,01cO4T1EVz,0,545-544-3863,nathaniel06@example.org,"USNV Munoz, FPO AP 71734",True
98,alexwilliams,Stephanie Carroll,2005-02-24,y4ttOjxr4D,1,488.250.8029x853,angelamullen@example.net,"77833 Lane Terrace Suite 181, Rowlandtown, DE 16239",True
99,bpayne,William Taylor,1965-09-19,0hvwd7NAKh,1,842-985-6422x542,patrickhartman@example.com,"2499 Sarah Crossroad Suite 806, Mariafurt, AS 11199",True
100,ilang,Brianna Blanchard,1982-12-11,IjnZX6Pflh,0,972.680.6442x41953,larrymeyer@example.net,"289 Veronica Knoll Suite 016, Vickieborough, FL 81789",False
101,meghanhawkins,Jeffrey Wiggins,1986-05-10,A2YzStQ8AL,0,876-327-2914,alexandercarroll@example.net,"297 Mark Drive, Gordonhaven, HI 83869",False
102,malloryschmidt,Donna Brown,1947-06-24,OLYX5eTQqM,1,491.552.5763x89235,vmooney@example.net,"06806 Donna Grove, Karenshire, MD 66001",True
103,castillostacey,Richard Stafford,1945-03-30,1Ju9PLIL3X,1,437.812.1405,qcallahan@example.net,"1613 Eric Dale, South Kelsey, ND 00565",False
104,josephdavis,Joshua Hamilton,1984-10-25,L7TbyxwHpB,1,001-681-693-4076x01290,kellystafford@example.org,"374 Joseph Extension, Stephanieside, WA 14853",True
105,xwilliams,Jackson Davis,1984-07-15,oGuKlMyGmk,1,(461)327-7395x75381,codyrobbins@example.org,"416 Campos Crescent, Chapmanborough, AR 28258",False
106,eileenmurray,Karina Barrett,1968-08-11,UxpLI3nTbQ,1,001-782-290-5592x91894,dawn86@example.net,"710 Singleton Ford, Port Adrianaport, OK 95104",True
107,kimberlyjones,Nicholas Baker,1950-06-24,MepHF7wLUI,1,990-878-9913x497,steven68@example.net,"47021 Smith Mountain, North Jason, MT 73747",False
108,rachel30,Michelle Brown,1947-12-24,trGUb2DVLm,0,(629)770-8574,zrivera@example.org,"8982 Gutierrez Flats, South Jacob, NJ 78697",True
109,jperez,Charles Ayers,1966-10-18,crFISA0jcc,1,+1-433-252-4019x1667,alison11@example.com,"3873 Jerry Mission Apt. 030, Lewismouth, CA 60275",False
110,lesliesnow,Valerie Lee,1951-09-25,paKE7eLuLN,1,(734)451-7751x514,megan81@example.org,"897 Macias Point, Castrofort, AR 96329",True
111,staceybarron,Juan Barnett,1934-05-31,gtHQokjVZC,1,+1-698-905-1865,brianarmstrong@example.org,"91311 Stewart Plaza Apt. 751, New Courtneychester, MH 36364",False
112,annaarnold,Sarah Tran,1984-12-31,1EUcY2NLq5,1,723.252.7997x0301,john82@example.com,"61452 Smith Trail, Joshuahaven, WI 30690",False
113,kaitlyn20,Christine Fuller,1998-10-22,rMy7V6CXr5,1,849.868.0670x021,stacey22@example.org,"7798 Lisa Port, North Brittanyville, NV 86133",False
114,justinjackson,Melissa Gonzales,1978-07-08,CjciwAWgKU,0,(975)472-9808,christine68@example.net,"75423 Lee Harbor Apt. 083, Huangside, CA 82712",True
115,zachary43,Christy Farrell,1952-08-20,I8UhgIqUCL,0,001-278-927-5877x210,jamescarter@example.org,"47808 Mullen Via Apt. 628, Lake Douglas, WV 67872",False
116,eric61,Garrett Fuentes,1982-04-15,DJb0hV0HmR,0,(903)238-7877,kathrynstewart@example.org,"73699 Salas Key, New Stephenfort, MS 88206",False
117,ysmith,Nicholas Andersen,1957-09-13,a2mblTX45r,0,262-744-5532,lopezjames@example.org,"038 Clark Viaduct Apt. 419, Lake Cynthia, PW 00725",True
118,robert20,David Burns,1964-10-29,ILUChahkdi,0,(765)327-6833x430,christinewilliams@example.org,"54937 Phillips Via, New Sandrafort, MT 09372",True
119,smithtamara,Ashley Page,1954-07-23,jhw5q3SjWs,0,722.376.8902x64000,pmitchell@example.com,"8381 Donald Rue, Lake Jillianstad, ND 65807",True
120,teresasmith,Jennifer Moore,1986-08-24,Hv3h0Ktlrg,1,569-209-5537,reynoldsjudy@example.com,"PSC 3267, Box 1977, APO AA 63025",True
121,carla80,Courtney Martinez,1953-03-25,iTVp8c7EX3,0,547.545.3498,jfitzpatrick@example.org,"7055 Casey Isle, Vegaborough, RI 67564",True
122,limorgan,Heidi Lopez,1956-08-02,3kqn55POE1,1,001-589-968-5444x71092,josephwall@example.com,"876 Thompson Courts Suite 923, West Lori, OR 78134",False
123,jonathan39,Gary Oconnell,1955-10-23,qWeL2nqBcW,0,+1-464-747-6245x47969,annette04@example.org,"252 Dana Ridges, New Kimberlyside, MP 07016",True
124,gwallace,Austin Tyler,1989-01-06,GuXIG7HN2r,1,919.508.1402x523,cynthia95@example.org,"49057 Gillespie Grove Suite 902, Mossborough, MS 85618",True
125,bchavez,Patrick Taylor,1981-01-02,cXgnRqVapc,1,(419)362-6134x149,tim50@example.org,"77154 Owens Parks, Port Carolinefurt, RI 41983",True
126,jennifermadden,Sean Wilson,1997-02-01,BHid43kYJs,1,325-993-2486x292,colemanstephen@example.org,"103 Rachel Forge Suite 669, East Robertland, NH 33206",True
127,denise05,Dr. Ryan Brock,1966-11-01,2h0iSZnirI,1,970.546.3488x72042,ydavis@example.net,"455 Jones Fork Apt. 967, West Mandytown, MA 62112",True
128,wayne11,Kyle Johnson,1982-06-06,0CLLojK3MW,0,+1-291-429-6714,petersonmaria@example.com,"6739 Mcdowell Summit, West Lawrence, NC 08290",True
129,ihatfield,Nathaniel Barnes,1954-06-27,SWUyue9XiV,1,(635)421-3324,mcbridepatricia@example.org,"589 Hernandez Junction, East Michael, MS 83113",True
130,obradford,Donna Watson,1943-11-13,S0PfPOewoO,1,001-331-990-5238,smiller@example.net,"8218 Sanchez Ramp Apt. 326, Stevenchester, SC 18380",False
131,ashleydorsey,Cynthia Gutierrez,1994-02-19,2gFu5Q9bey,1,001-367-253-6327x6241,albertjensen@example.com,"USNV Hester, FPO AA 13695",True
132,jbrown,Max Hodges,2001-11-06,ekycILBn7u,0,+1-583-742-4256x17467,jessica95@example.com,"21629 Michael Glen Suite 390, South Christopherside, WA 26479",True
133,tommylopez,Stacey Murphy,1933-12-11,futCokmOWS,0,001-369-925-6492x45393,emily25@example.com,"35728 Dalton Glen Apt. 201, Lake Timothyborough, MT 91481",True
134,manderson,Shelley Harris,1971-04-27,c9cKmBGZCF,0,(580)929-3201x701,gallagherchad@example.com,"02099 Charles Glens Suite 079, South Davidfurt, AS 73253",False
135,kristinmelendez,Daniel Foster,1947-10-15,crSYjkCeoA,1,483.758.6605x21004,seth67@example.com,"444 Kenneth Manors Suite 737, Whiteview, WI 88365",False
136,woodsjennifer,Angela Martin,1955-07-04,eZQuM14TOL,1,201.866.8631x14992,robert79@example.org,"Unit 6329 Box 9520, DPO AP 69658",True
137,mariabutler,Ryan Wilson,1996-09-01,i8Cg8TbDL6,1,495-736-7923,lopezmatthew@example.net,"8873 Samantha Gardens, Nolanhaven, NY 09234",False
138,hallemily,Kristen Baker,1981-05-19,T8Hfe2c6OQ,0,419-255-8809x487,timothyhowell@example.net,"779 Lisa Stravenue, South Beth, VA 96574",True
139,patricktracy,Melissa Sharp,1970-07-08,ksYBZKvLOK,1,831.515.3550,stevendavis@example.org,"552 Burns Stravenue, Tuckerfurt, MI 92758",False
140,pwilliams,Christopher Lane,1988-01-03,6yYbsd954P,0,+1-910-991-1224x57115,christinapayne@example.org,"468 Ortiz Brooks, Huffmanville, CT 68123",False
141,baldwinjulie,Mary Allen,2005-11-09,6SNJn5fS16,1,249.508.2419,schroedermonica@example.com,"6702 James Mission, South Jesse, LA 59208",True
142,jennifermays,William Robinson,1964-04-09,3tniRRquDt,1,877-371-5329,nwilliams@example.net,"71321 Johnson Locks Suite 742, Victorhaven, MP 05175",True
143,holmesamanda,James Huerta,1961-11-11,BkU2BUF1xf,0,392.369.1734x4021,mallorygarcia@example.com,"PSC 1921, Box 4721, APO AA 12297",False
144,ronald70,Anthony Mcdaniel,2005-05-20,HYpKHO1gj2,0,587.670.2901x74882,fisherkaren@example.com,"5257 Melanie Road Apt. 488, Port Richard, PA 41020",False
145,michellethompson,Rebecca Singh,1980-04-19,G8bjRJkCM5,0,(861)545-7856x33649,vconway@example.net,"420 Jay Circles, New Rebeccatown, RI 84777",False
146,kleinpatrick,Donald Bautista,1945-01-29,Sg9IGORAfZ,0,7328077193,pmckenzie@example.org,"847 Stephens Lodge, New Michaelside, DC 54344",True
147,ethanburton,Stacey Lucas,2001-06-26,LKS9tPQgXi,1,606.517.3601x62577,yhaney@example.com,"13056 Cole Ways Suite 179, Lake Brittanyside, MO 98615",False
148,mmiller,Daniel Jensen,1985-09-05,oIaMTRbVzr,0,(751)767-6001x4543,marshalltiffany@example.org,"59208 Monroe Curve, Ronaldmouth, NE 40263",True
149,vbarrett,Brent Gonzalez,1956-12-18,rkjvgXTsGR,1,8266032106,michael40@example.com,"466 Peter Falls, Kendraview, NJ 83329",False
150,brandon33,Tammy Hardy,1981-03-13,IGa8p4v7v2,0,001-696-833-2578x203,ilang@example.org,"758 Mitchell Crossroad Suite 087, Cohenstad, WV 89500",False
151,nsparks,Jeffrey Ross,2005-05-26,0HOt1B3nN5,0,867.511.1061x81872,michael10@example.com,"30579 Michael Stream Apt. 658, Zacharyview, NH 51773",False
152,terribarnes,Patrick Anthony,1997-06-30,JcQW91TLwx,0,547-666-9190,nicole68@example.net,"285 Huynh Stream, South Tony, LA 14397",True
153,hugheslinda,Jessica Griffith,1972-01-06,WCHnEEv8JY,1,709-265-6843x23148,jessicafisher@example.org,"4761 Moore Centers, South Aaronfurt, UT 10852",False
154,mistymaldonado,Jennifer Young,1970-10-23,ed09qPIJ2h,1,+1-514-545-9316,kelly12@example.com,"8217 Glover Street, West Laurenmouth, WI 20144",False
155,jeremy33,Sharon Collins,1960-05-08,i8sDSD0EvI,1,942.618.5586,lmartin@example.net,"0759 Jimenez Dale, Jennamouth, HI 20291",True
156,alvarezjames,Katie Clark,1984-10-30,vjnQpAeuT7,0,001-609-621-9313x530,harrisonscott@example.com,"2171 Kevin Lodge, Port Matthewview, NY 39254",False
157,milesheidi,Jared Dorsey,1980-12-07,wqsWeR2adS,0,253.304.7638,vmontgomery@example.com,"80067 Ferguson Bridge, Chavezshire, LA 32727",True
158,usmith,Deborah Sosa,1937-04-12,Cy5GXeP0FT,0,862.200.2004,guzmanpatrick@example.net,"USCGC King, FPO AE 15006",True
159,tonyswanson,William Kane,1969-12-07,4zVTfDsKUt,1,001-562-877-3547,leoncheryl@example.net,"57500 Cody Ports Apt. 737, South Danielle, NH 95587",True
160,jamesbrewer,Matthew Lopez,1981-03-19,rTqKC1LbEs,0,942.656.9575x947,hgregory@example.org,"46382 Kristina Road, New Georgehaven, VI 75493",True
161,jamesjohnson,Gregory Henry,1967-02-10,6AzgOuLVcS,0,(444)708-6542x608,jamie92@example.com,"Unit 2167 Box 8342, DPO AA 84448",False
162,jorge57,Christopher Hall,1988-08-26,IEv4PBlWUe,1,259.282.1406x00783,michaelrose@example.net,"4317 Deanna Canyon, North Carrie, ME 04655",False
163,hillmichael,Kent Martin,1952-11-07,Vxv9Rm1ACS,1,+1-402-488-3666x39198,katie11@example.com,"4198 Jeffrey Key Suite 602, Port Pamelaborough, AS 58682",False
164,piercechristina,Paula White,1937-07-09,PGmBKJ5Tm7,1,479.705.7606x92646,carlfritz@example.org,"910 Judy Gateway Suite 850, Jenniferport, AL 49187",False
165,rchapman,Kristy Brown,1939-02-22,M4hV3LvIIC,1,874-510-3342x51409,rileykristin@example.net,"0402 Reid Views, Hallshire, WA 69479",False
166,hernandezmitchell,Amber Boone,1938-11-02,rkp4MUP4eQ,0,520-223-6581x328,hawkinsann@example.com,"905 Elizabeth Station Apt. 196, Ballardhaven, NJ 18513",True
167,popejoseph,Derrick Thompson,1986-08-16,kf6RVeQnbq,0,286-956-0452x556,lauren56@example.net,"411 Stephanie Squares, Lindaside, WY 23280",True
168,courtney65,Clinton Cobb,1994-06-20,7moMxh0Irb,0,469-313-1164,donaldbrooks@example.com,"96250 Peterson Causeway, Clarkmouth, OR 64260",False
169,maurice49,Gregory Calhoun,1971-04-30,v3evIimsip,0,555.361.5501x101,robert17@example.com,"9208 Lisa Prairie Suite 361, Rachelborough, AR 13558",True
170,evanallen,Melissa Ramirez,1983-06-06,I4WvOucPNr,1,+1-392-641-3934x82876,jacksonralph@example.org,"595 Caroline Stravenue, East Brandy, OK 54524",True
171,chapmanjason,Joseph King,1952-12-26,TDtH08IZC0,0,339-868-7710x936,anita44@example.org,"12737 Carter Passage Apt. 213, Lake Amanda, WA 83680",True
172,david17,Kathryn Costa,1957-05-09,JEZck52qvx,0,4857716367,wilsonjason@example.com,"65234 Jerry Oval, Randolphchester, HI 32567",False
173,kgreen,Kathryn Hamilton,1939-06-24,aD9r7wzcAL,1,001-661-331-3482x668,victoria18@example.org,"292 Austin Burgs Suite 272, Lake Jamiechester, ME 60660",False
174,susan86,Ethan Jackson,1999-07-03,H6Jjqw5GJr,0,437.668.9648,fergusonsusan@example.com,"478 Lee Brooks Apt. 956, Henryville, ID 46059",False
175,nancy32,Jonathon Matthews,2006-01-12,HLdXkr05tL,1,7067373440,jennifer25@example.com,"0027 Stephanie Orchard Suite 629, North Kyle, DC 32167",False
176,egilmore,Claudia Yang,1991-08-27,BM7KYizr9k,0,6645067798,taylor18@example.net,"072 John Dam Apt. 405, North Pamelaborough, ND 32054",False
177,williamskatelyn,Sean Wade,1948-09-03,voEgkSvoUG,1,4517245108,charles65@example.net,"USS Mcmahon, FPO AE 13024",True
178,veronicawells,Yvonne Burns,1974-07-04,mGl2mGEsNo,1,001-562-245-1296x13701,holly88@example.net,"499 Susan Stream, West Laurashire, VT 25887",False
179,isaac60,Robert Schwartz,1995-12-04,ZatgB7pXg7,0,001-837-617-0266x87023,cowannicholas@example.net,"PSC 5172, Box 7914, APO AP 53294",False
180,gonzalezkatie,Michael Clark,1971-04-15,tadEAgU05p,1,787-771-2012,npayne@example.net,"USS Moore, FPO AE 31817",True
181,kelseybond,Cynthia Erickson,1981-07-03,HiX04KFWyf,1,628-528-3571,mcknightangela@example.net,"98108 William Isle Suite 183, Donaldtown, CO 11159",False
182,andrea47,Megan Simpson,1972-01-31,jjrRDbQNXZ,0,+1-631-295-6008x03775,melissa66@example.com,"66641 Wilson Grove Apt. 225, South Joshuachester, DC 03443",False
183,andersonstacy,Valerie Davis,1948-08-14,HxraNGvbQp,1,741.616.6642,suzannecollins@example.org,"97917 Dominguez Key Suite 406, Stevenport, DE 61757",False
184,csnyder,Jacob Foster,2002-06-11,MeI6I90n8a,1,(697)350-0135x66787,castillosamantha@example.com,"0410 Angela Canyon Apt. 402, Bryanborough, GU 58308",True
185,dianashea,Kathryn Hodge,1979-02-11,hBcufdo40E,1,8942423518,amy00@example.com,"Unit 2255 Box 3028, DPO AE 25181",True
186,william30,Steven Jacobs,1959-12-04,pVKC4LmzQS,1,+1-446-587-7107,samanthaguerra@example.org,"14119 Ryan Curve, Simpsonberg, LA 56433",True
187,eschroeder,Michael Lewis,1990-08-27,7UNMKffLqw,1,949-391-0884x736,monroeaustin@example.org,"6061 Juan Drives Suite 596, Port Brad, RI 81709",True
188,ifranklin,Ronald Green,1994-01-22,Pkie1t9UvF,1,955-638-4277x52735,thomasharold@example.net,"096 Sara Wall Apt. 328, Timothyhaven, CA 38980",False
189,carlosroy,William Gray,1939-10-21,wvuSt5yV2H,1,682-470-1828x682,stewartkimberly@example.net,"72509 Reynolds Vista Apt. 629, Milesport, CA 17960",True
190,pwright,Gerald Park,1940-06-29,cjfEnRNln4,1,(887)795-5581,kevin40@example.net,"91460 Benjamin Loaf Suite 598, Port Christopher, GA 37524",False
191,barronjennifer,Adam Boyd,1956-09-20,6HhaffYq03,1,(204)681-9162x757,mark46@example.net,"629 Amanda Parks, Lake Williamstad, SD 01126",False
192,nicole58,Daniel Adams,1973-02-28,X76Ykwtebs,1,(725)807-7774,danielle37@example.org,"1808 Catherine Parks, Reeseport, VA 89221",False
193,vsanchez,Larry King,1957-09-14,3CAaEyYg8c,1,835.295.3002,ericwilcox@example.com,"59510 Sandy Ferry Apt. 872, Port Jenniferland, IL 24652",False
194,blairjennifer,Jonathan Cooper,1986-08-30,fPHPibH9of,0,6474863571,mariagallegos@example.org,"USNS Ortega, FPO AE 94390",True
195,aaron91,Alexis Smith,1966-08-29,rTWa8fgSDS,1,462.441.3263,emily33@example.org,"0027 Joanna Green, Lake Melanieberg, SC 70291",False
196,millerjohn,Brian Elliott,1998-09-04,HjTrU6JN5U,1,+1-868-481-9148,millerdoris@example.net,"65839 Rios Plaza Suite 935, Rebeccaberg, MS 15232",True
197,stephen98,Makayla Peters,1975-03-14,yu2mHAVGwx,1,491-622-2577,anita08@example.org,"373 Douglas Pines, North Ethanhaven, NC 36131",True
198,eddieharmon,Megan Avila,1975-10-05,dt5ASNoLNx,1,001-221-546-5945x21509,wyattmadeline@example.com,"Unit 0109 Box 5690, DPO AP 43743",False
199,piercethomas,Diane Ross,1961-06-06,ZT0QWvV39Y,0,708-849-6349x421,swatson@example.org,"29421 Carey Via Suite 950, Leeport, VI 08474",False
